{"name":"ecd68f21-e014-4d64-87f1-2c101c76ff6b","id":"/providers/Microsoft.Flow/flows/ecd68f21-e014-4d64-87f1-2c101c76ff6b","type":"Microsoft.Flow/flows","properties":{"apiId":"/providers/Microsoft.PowerApps/apis/shared_logicflows","displayName":"New site request","definition":{"metadata":{"workflowEntityId":null,"creator":{"id":"88094157-9394-4da2-97c4-57827d6e28d3","type":"User","tenantId":"dcfc0488-a99f-40b8-8220-4069d4b3af91"},"provisioningMethod":"FromDefinition","failureAlertSubscription":true,"clientLastModifiedTime":"2019-09-12T09:01:23.5422238Z"},"$schema":"https://schema.management.azure.com/providers/Microsoft.Logic/schemas/2016-06-01/workflowdefinition.json#","contentVersion":"1.0.0.0","parameters":{"$connections":{"defaultValue":{},"type":"Object"},"$authentication":{"defaultValue":{},"type":"SecureObject"},"sharepoint.site":{"defaultValue":"","type":"String"},"sharepoint.list":{"defaultValue":"","type":"String"}},"triggers":{"When_a_new_item_is_created":{"recurrence":{"interval":1,"frequency":"Minute"},"splitOn":"@triggerBody()?.value","metadata":{"flowSystemMetadata":{"swaggerOperationId":"GetOnNewItems"}},"type":"ApiConnection","inputs":{"host":{"connection":{"name":"@parameters('$connections')['shared_sharepointonline']['connectionId']"},"api":{"runtimeUrl":"https://europe-002.azure-apim.net/apim/sharepointonline"}},"method":"get","path":"/datasets/@{encodeURIComponent(encodeURIComponent('https://simonmvp.sharepoint.com/sites/sps'))}/tables/@{encodeURIComponent(encodeURIComponent('247b9778-b03f-492d-aa04-73236cd1421a'))}/onnewitems","authentication":"@parameters('$authentication')"},"conditions":[]}},"actions":{"Remove_Spaces_in_Site_Title_for_URL":{"runAfter":{},"type":"InitializeVariable","inputs":{"variables":[{"name":"SiteURL","type":"String","value":"@{replace(triggerBody()?['Title'],' ','')}"}]}},"Check_Site_Type":{"runAfter":{"Initialize_variable":["Succeeded"]},"cases":{"Communication":{"case":"Communication","actions":{"Get_items":{"runAfter":{},"metadata":{"flowSystemMetadata":{"swaggerOperationId":"GetItems"}},"type":"ApiConnection","inputs":{"host":{"connection":{"name":"@parameters('$connections')['shared_sharepointonline']['connectionId']"},"api":{"runtimeUrl":"https://europe-002.azure-apim.net/apim/sharepointonline"}},"method":"get","path":"/datasets/@{encodeURIComponent(encodeURIComponent('https://simonmvp.sharepoint.com/sites/sps'))}/tables/@{encodeURIComponent(encodeURIComponent('Approvers'))}/items","authentication":"@parameters('$authentication')"}},"Condition_4":{"actions":{"Apply_to_each":{"foreach":"@body('Get_items')?['value']","actions":{"Start_an_approval":{"runAfter":{},"metadata":{"flowSystemMetadata":{"swaggerOperationId":"approvalSubscribeV2"}},"type":"ApiConnectionWebhook","inputs":{"host":{"connection":{"name":"@parameters('$connections')['shared_approvals']['connectionId']"},"api":{"runtimeUrl":"https://europe-002.azure-apim.net/apim/approvals"}},"body":{"notificationUrl":"@{listCallbackUrl()}","title":"New Communication Site Approval","assignedTo":"@{items('Apply_to_each')?['User']?['Email']};","details":"Please review and approve this communication site that will be used for all company.","itemLink":"@triggerBody()?['{Link}']","itemLinkDescription":"Link to communication site","requestor":"@{triggerBody()?['Owner']?['Email']};"},"path":"/types/@{encodeURIComponent('Basic')}/$subscriptions","authentication":"@parameters('$authentication')"}},"Condition_5":{"actions":{"Put_a_message_on_a_queue":{"runAfter":{},"metadata":{"flowSystemMetadata":{"swaggerOperationId":"PutMessage"}},"type":"ApiConnection","inputs":{"host":{"connection":{"name":"@parameters('$connections')['shared_azurequeues']['connectionId']"},"api":{"runtimeUrl":"https://europe-002.azure-apim.net/apim/azurequeues"}},"method":"post","body":"{ \"siteTitle\": \"@{triggerBody()?['Title']}\", \"siteUrl\": \"@{variables('FullSiteUrl')}\", \"siteOwner\": \"@{triggerBody()?['Owner']?['Claims']}\", \"Private\": \"@{triggerBody()?['Private']}\", \"conversationId\": \"@{triggerBody()?['ConversationId']}\", \"isBot\": \"@{triggerBody()?['IsBot']}\", \"siteType\": \"@{triggerBody()?['SiteType']?['Value']}\", \"siteAlias\": \"@{triggerBody()?['Alias']}\"}","path":"/@{encodeURIComponent('spsprovisionqueue')}/messages","authentication":"@parameters('$authentication')"}}},"runAfter":{"Start_an_approval":["Succeeded"]},"else":{"actions":{"Apply_to_each_2":{"foreach":"@body('Start_an_approval')?['responses']","actions":{"Send_an_email":{"runAfter":{},"metadata":{"flowSystemMetadata":{"swaggerOperationId":"SendEmail"}},"type":"ApiConnection","inputs":{"host":{"connection":{"name":"@parameters('$connections')['shared_office365']['connectionId']"},"api":{"runtimeUrl":"https://europe-002.azure-apim.net/apim/office365"}},"method":"post","body":{"To":"@{triggerBody()?['Author']?['Email']};","Subject":"Your communication site request was denied","Body":"Your communication site request was denied\n\nApprover comments: @{items('Apply_to_each_2')?['comments']}\n\n@{triggerBody()?['{Link}']}"},"path":"/Mail","authentication":"@parameters('$authentication')"}}},"runAfter":{},"type":"Foreach"}}},"expression":"@equals(body('Start_an_approval')?['response'], 'Approve')","type":"If"}},"runAfter":{},"type":"Foreach"}},"runAfter":{"Get_items":["Succeeded"]},"else":{"actions":{"Put_a_message_on_a_queue_2":{"runAfter":{},"metadata":{"flowSystemMetadata":{"swaggerOperationId":"PutMessage"}},"type":"ApiConnection","inputs":{"host":{"connection":{"name":"@parameters('$connections')['shared_azurequeues']['connectionId']"},"api":{"runtimeUrl":"https://europe-002.azure-apim.net/apim/azurequeues"}},"method":"post","body":"{ \"siteTitle\": \"@{triggerBody()?['Title']}\", \"siteUrl\": \"@{variables('FullSiteUrl')}\", \"siteOwner\": \"@{triggerBody()?['Owner']?['Claims']}\", \"Private\": \"@{triggerBody()?['Private']}\", \"conversationId\": \"@{triggerBody()?['ConversationId']}\", \"isBot\": \"@{triggerBody()?['IsBot']}\", \"siteType\": \"@{triggerBody()?['SiteType']?['Value']}\", \"siteAlias\": \"@{triggerBody()?['Alias']}\"}","path":"/@{encodeURIComponent('spsprovisionqueue')}/messages","authentication":"@parameters('$authentication')"}}}},"expression":"@equals(triggerBody()?['Private'], 'No')","type":"If"}}},"Project":{"case":"Project","actions":{"Start_an_approval_2":{"runAfter":{},"metadata":{"flowSystemMetadata":{"swaggerOperationId":"approvalSubscribeV2"}},"type":"ApiConnectionWebhook","inputs":{"host":{"connection":{"name":"@parameters('$connections')['shared_approvals']['connectionId']"},"api":{"runtimeUrl":"https://europe-002.azure-apim.net/apim/approvals"}},"body":{"notificationUrl":"@{listCallbackUrl()}","title":"New Project Site Approval","assignedTo":"simon@simonmvp.onmicrosoft.com;","details":"Please review the requested Project Site to be created","itemLink":"@triggerBody()?['{Link}']","itemLinkDescription":"A new project site is being requested.","requestor":"@{triggerBody()?['Owner']?['Email']};"},"path":"/types/@{encodeURIComponent('Basic')}/$subscriptions","authentication":"@parameters('$authentication')"}},"Condition_3":{"actions":{"Put_a_message_on_a_queue_3":{"runAfter":{},"metadata":{"flowSystemMetadata":{"swaggerOperationId":"PutMessage"}},"type":"ApiConnection","inputs":{"host":{"connection":{"name":"@parameters('$connections')['shared_azurequeues']['connectionId']"},"api":{"runtimeUrl":"https://europe-002.azure-apim.net/apim/azurequeues"}},"method":"post","body":"{ \"siteTitle\": \"@{triggerBody()?['Title']}\", \"siteUrl\": \"@{variables('FullSiteUrl')}\", \"siteOwner\": \"@{triggerBody()?['Owner']?['Claims']}\", \"Private\": \"@{triggerBody()?['Private']}\", \"conversationId\": \"@{triggerBody()?['ConversationId']}\", \"isBot\": \"@{triggerBody()?['IsBot']}\", \"siteType\": \"@{triggerBody()?['SiteType']?['Value']}\", \"siteAlias\": \"@{triggerBody()?['Alias']}\"}","path":"/@{encodeURIComponent('spsprovisionqueue')}/messages","authentication":"@parameters('$authentication')"}}},"runAfter":{"Start_an_approval_2":["Succeeded"]},"else":{"actions":{"Send_an_email_4":{"runAfter":{},"metadata":{"flowSystemMetadata":{"swaggerOperationId":"SendEmail"}},"type":"ApiConnection","inputs":{"host":{"connection":{"name":"@parameters('$connections')['shared_office365']['connectionId']"},"api":{"runtimeUrl":"https://europe-002.azure-apim.net/apim/office365"}},"method":"post","body":{"To":"@{triggerBody()?['Owner']?['Email']};","Subject":"Your site creation request was denied","Body":"Your site creation created was denied - please review and submit again.\n\nApproval comments: @{body('Start_an_approval_2')?['comments']}\n\n@{triggerBody()?['{Link}']}"},"path":"/Mail","authentication":"@parameters('$authentication')"}}}},"expression":"@equals(body('Start_an_approval_2')?['response'], 'Approve')","type":"If"}}},"Collaboration":{"case":"Collaboration","actions":{"Put_a_message_on_a_queue_4":{"runAfter":{},"metadata":{"flowSystemMetadata":{"swaggerOperationId":"PutMessage"}},"type":"ApiConnection","inputs":{"host":{"connection":{"name":"@parameters('$connections')['shared_azurequeues']['connectionId']"},"api":{"runtimeUrl":"https://europe-002.azure-apim.net/apim/azurequeues"}},"method":"post","body":"{ \"siteTitle\": \"@{triggerBody()?['Title']}\", \"siteUrl\": \"@{variables('FullSiteUrl')}\", \"siteOwner\": \"@{triggerBody()?['Owner']?['Claims']}\", \"Private\": \"@{triggerBody()?['Private']}\", \"conversationId\": \"@{triggerBody()?['ConversationId']}\", \"isBot\": \"@{triggerBody()?['IsBot']}\", \"siteType\": \"@{triggerBody()?['SiteType']?['Value']}\", \"siteAlias\": \"@{triggerBody()?['Alias']}\"}","path":"/@{encodeURIComponent('spsprovisionqueue')}/messages","authentication":"@parameters('$authentication')"}}}}},"default":{"actions":{}},"expression":"@triggerBody()?['SiteType']?['Value']","type":"Switch"},"Initialize_variable":{"runAfter":{"Remove_Spaces_in_Site_Title_for_URL":["Succeeded"]},"type":"InitializeVariable","inputs":{"variables":[{"name":"FullSiteUrl","type":"String","value":"@{concat('https://simonmvp.sharepoint.com/sites/',variables('SiteUrl'))}"}]}}},"description":""},"connectionReferences":{"shared_sharepointonline":{"connectionName":"7fad2b88e26e4fbf8ff9ed907bce3c12","source":"Embedded","id":"/providers/Microsoft.PowerApps/apis/shared_sharepointonline","tier":"NotSpecified"},"shared_approvals":{"connectionName":"1e9ee924218e4c7891a0b654d9ffc1c0","source":"Embedded","id":"/providers/Microsoft.PowerApps/apis/shared_approvals","tier":"NotSpecified"},"shared_azurequeues":{"connectionName":"shared-azurequeues-b494c202-4b89-494c-aa39-26d9740da80f","source":"Embedded","id":"/providers/Microsoft.PowerApps/apis/shared_azurequeues","tier":"NotSpecified"},"shared_office365":{"connectionName":"shared-office365-d695c868-7a4f-430b-9c65-6da083bd3719","source":"Embedded","id":"/providers/Microsoft.PowerApps/apis/shared_office365","tier":"NotSpecified"}},"flowFailureAlertSubscribed":false}}