{
    "$schema": "http://adaptivecards.io/schemas/adaptive-card.json",
    "type": "AdaptiveCard",
    "version": "1.0",
    "body": [
        {
            "type": "ColumnSet",
            "columns": [
                {
                    "type": "Column",
                    "width": "auto",
                    "items": [
                        {
                            "type": "Image",
                            "url": "https://docs.botframework.com/static/devportal/client/images/bot-framework-default.png",
                            "size": "Small"
                        }
                    ]
                },
                {
                    "type": "Column",
                    "width": "auto",
                    "items": [
                        {
                            "type": "TextBlock",
                            "text": "$Placeholder",
                            "spacing": "None"
                        }
                    ],
                    "horizontalAlignment": "Center",
                    "verticalContentAlignment": "Center"
                }
            ]
        }
    ]
}