{
    "cards": [
        {
            "type": "AdaptiveCard",
            "body": [
                {
                    "type": "TextBlock",
                    "size": "Large",
                    "weight": "Bolder",
                    "text": "SharePoint Team Site"
                },
                {
                    "type": "TextBlock",
                    "text": "A SharePoint team site connects you and your team to the content, information, and apps you rely on every day",
                    "isSubtle": true,
                    "wrap": true
                }
            ],
            "actions": [
                {
                    "type": "Action.Submit",
                    "title": "Confirm",
                    "data": "ModernTeamSite"
                }
            ],
            "$schema": "http://adaptivecards.io/schemas/adaptive-card.json",
            "version": "1.0",
            "speak": "<s>Your  meeting about \"Adaptive Card design session\"<break strength='weak'/> is starting at 12:30pm</s><s>Do you want to snooze <break strength='weak'/> or do you want to send a late notification to the attendees?</s>"
        },
        {
            "type": "AdaptiveCard",
            "body": [
                {
                    "type": "TextBlock",
                    "size": "Large",
                    "weight": "Bolder",
                    "text": "SharePoint Communications Site"
                },
                {
                    "type": "TextBlock",
                    "text": "A SharePoint team site connects you and your team to the content, information, and apps you rely on every day",
                    "isSubtle": true,
                    "wrap": true
                }
            ],
            "actions": [
                {
                    "type": "Action.Submit",
                    "title": "Confirm",
                    "data": "ModernTeamSite"
                }
            ],
            "$schema": "http://adaptivecards.io/schemas/adaptive-card.json",
            "version": "1.0",
            "speak": "<s>Your  meeting about \"Adaptive Card design session\"<break strength='weak'/> is starting at 12:30pm</s><s>Do you want to snooze <break strength='weak'/> or do you want to send a late notification to the attendees?</s>"
        },
        {
            "type": "AdaptiveCard",
            "body": [
                {
                    "type": "TextBlock",
                    "size": "Large",
                    "weight": "Bolder",
                    "text": "SharePoint Project Site"
                },
                {
                    "type": "TextBlock",
                    "text": "A SharePoint team site connects you and your team to the content, information, and apps you rely on every day",
                    "isSubtle": true,
                    "wrap": true
                }
            ],
            "actions": [
                {
                    "type": "Action.Submit",
                    "title": "Confirm",
                    "data": "ModernTeamSite"
                }
            ],
            "$schema": "http://adaptivecards.io/schemas/adaptive-card.json",
            "version": "1.0",
            "speak": "<s>Your  meeting about \"Adaptive Card design session\"<break strength='weak'/> is starting at 12:30pm</s><s>Do you want to snooze <break strength='weak'/> or do you want to send a late notification to the attendees?</s>"
        }
    ]
}